{"schemaVersion":"1.0","appDefinitionTemplate":{"id":"/providers/Microsoft.PowerApps/apps/","type":"Microsoft.PowerApps/apps","tags":{"primaryDeviceWidth":"1366","primaryDeviceHeight":"768","sienaVersion":"20220128T162320Z-3.21124.16.0","deviceCapabilities":"webcam","supportsPortrait":"true","supportsLandscape":"true","primaryFormFactor":"Tablet","publisherVersion":"3.21124.16","minimumRequiredApiVersion":"2.2.0","hasComponent":"true","hasUnlockedComponent":"true","isUnifiedRootApp":"false"},"properties":{"appVersion":"2022-01-28T16:23:20Z","lifeCycleId":"Published","createdByClientVersion":{"major":3,"minor":21124,"build":16,"revision":0,"majorRevision":0,"minorRevision":0},"minClientVersion":{"major":3,"minor":21124,"build":16,"revision":0,"majorRevision":0,"minorRevision":0},"backgroundColor":"RGBA(0,176,240,1)","backgroundImageUri":"/4856992044362372546/N27a764b1-8415-4c71-a394-d6f13985b00f-logoSmallFile","displayName":"Project1-Huskin' Bee","description":"","commitMessage":"","appUris":{"documentUri":{"value":"/4856992044362372546/Nac64b5cb-2956-4437-880a-630c0233e1d5-document.msapp"},"imageUris":[]},"createdTime":"0001-01-01T00:00:00Z","lastModifiedTime":"0001-01-01T00:00:00Z","sharedGroupsCount":0,"sharedUsersCount":0,"icons":{"smallIconUri":"/4856992044362372546/N09b5a2f4-1474-4f04-8ef0-a40f8a6ba081-small.png","mediumIconUri":"/4856992044362372546/N44d0f4ec-5305-4128-8683-86fbd93b7737-medium.png","largeIconUri":"/4856992044362372546/N3d9cf794-c10a-4dcf-a9e8-bedbfcb47882-large.png","wideIconUri":"/4856992044362372546/Nc9291353-99e6-40d8-bdcb-838fee9aee77-wide.png"},"connectionReferences":{"8be9a368-be44-4b6a-8805-0e52c9ff40ac":{"id":"29f355d5-dc2f-410f-b0ac-e9082ec7ee18","displayName":"SharePoint","iconUri":"https://connectoricons-prod.azureedge.net/releases/v1.0.1546/1.0.1546.2667/sharepointonline/icon.png","dataSources":["Departments/Positions","EmployeeInformation","LeaveBalance","RequestedTimeOff"],"dependencies":[],"dependents":[],"parameterHints":{},"parameterHintsV2":{},"isOnPremiseConnection":false,"bypassConsent":false,"dataSets":{"https://granolafish512.sharepoint.com/sites/Project1-Huskin'Bee":{"dataSources":{"Departments/Positions":{"tableName":"47b0c3be-dbb0-49fc-99c5-dd31deb20c00"},"EmployeeInformation":{"tableName":"ea84cb5c-63f2-41d4-9d31-1c8a4c989985"},"LeaveBalance":{"tableName":"f6fdd01a-4db9-41a6-880b-56fce3dda040"},"RequestedTimeOff":{"tableName":"0ae0487d-92c7-4635-be5f-6e598986070f"}}}},"apiTier":"Standard","isCustomApiConnection":false,"actions":["providers/PowerPlatform.Governance/Operations/Read"]},"470f7fa3-f557-4a5a-8cc3-38fd05734592":{"id":"96f98060-bd42-4862-af1b-9a965eb0a918","displayName":"Power Automate for Admins","iconUri":"https://connectoricons-prod.azureedge.net/releases/v1.0.1534/1.0.1534.2605/microsoftflowforadmins/icon.png","dataSources":["PowerAutomateforAdmins"],"dependencies":[],"dependents":[],"parameterHints":{},"parameterHintsV2":{},"isOnPremiseConnection":false,"bypassConsent":false,"dataSets":{},"apiTier":"Standard","isCustomApiConnection":false},"1eac8d44-2133-4134-bff1-41e2077471e2":{"id":"1a93e794-cfdd-4e4e-8cdf-da35cd47043a","displayName":"Power Automate Management","iconUri":"https://connectoricons-prod.azureedge.net/releases/v1.0.1547/1.0.1547.2676/flowmanagement/icon.png","dataSources":["PowerAutomateManagement"],"dependencies":[],"dependents":[],"parameterHints":{},"parameterHintsV2":{},"isOnPremiseConnection":false,"bypassConsent":false,"dataSets":{},"apiTier":"Standard","isCustomApiConnection":false,"authenticationType":"firstParty"}},"databaseReferences":{},"almMode":"Environment","performanceOptimizationEnabled":true,"canConsumeAppPass":true,"executionRestrictions":{"isTeamsOnly":false,"dataLossPreventionEvaluationResult":{"status":"Compliant","lastEvaluationDate":"2022-01-21T05:18:34.4070156Z","violations":[],"violationsByPolicy":[],"violationErrorMessage":"The app uses the following connectors: ."}}},"appType":"ClassicCanvasApp","appComponents":[]}}